priority,latency,jitter,framelength
1,0.7359674794958477,0.026754446057110182,64
1,0.3656575194012639,0.048064228678545415,64
1,0.4156196661283202,0.006392762981306416,64
1,0.41761445069728287,0.04394413717475344,64
1,0.4411978997462464,0.030182976956297288,64
1,0.3003518791749373,0.03216183079927054,64
1,0.36094580979791013,0.023629711214948886,64
1,0.7751979512149108,0.023867997238128588,64
1,0.3416902834539755,0.018843259356076822,64
1,0.4027989854787784,0.03229392334891536,64
1,0.6627976290956922,0.012644273625132686,64
1,0.43302437547426725,0.019727935641931805,64
1,0.43327251437176595,0.024729443790784945,64
1,0.733205203880388,0.043027216875563046,64
1,0.6619792798572819,0.005216929522339292,64
1,0.6397896446076208,0.02440816797692534,64
1,0.42863543680595506,0.028266886456293966,64
1,0.4877594694948903,0.026298987242011768,64
1,0.35354532383094767,0.04268364747065923,64
1,0.3315970574713605,0.04925788740881157,64
1,0.778554587901297,0.048209491467055665,64
1,0.43713813035772103,0.03548200580357632,64
1,0.5820631820670285,0.021603773734565398,64
1,0.5427850243833929,0.015142216127082787,64
1,0.7953516659008504,0.014638213630208358,64
1,0.7970115757279626,0.007305397691571753,64
1,0.6744715705943002,0.02321550952041079,64
1,0.7367894134904216,0.0029497249552808747,64
1,0.5748579342175895,0.024972650224038547,64
1,0.42762545019106957,0.030478317178050225,64
1,0.41354481080989697,0.0387801081484003,64
1,0.6121432535335309,0.007463320999333789,64
1,0.6024317947656801,0.04073111821608665,64
1,0.6725109025160205,0.04577290235858402,64
1,0.3890623884578216,0.035334769014922725,64
1,0.5300180200648887,0.04682839480385337,64
1,0.7418982707377602,0.018427172335189413,64
1,0.5403899366667186,0.04168570236080052,64
1,0.32817345517896407,0.012436720680176788,64
1,0.7064706423341391,0.02513776617256765,64
1,0.39929159779992884,0.04933445910782294,64
1,0.5800803337438204,0.023770554918821192,64
1,0.31512266528115296,0.045998771127780495,64
1,0.4919450896182677,0.02240717683761317,64
1,0.6632396648954884,0.018276966022497943,64
1,0.7238160760277703,0.0009205042861048674,64
1,0.6814474650828446,0.013863865036433498,64
1,0.6576143337492466,0.020153804871322067,64
1,0.7878949743776881,0.015756943713744982,64
1,0.730584614402191,0.03437005277305821,64
1,0.49948245514641615,0.0038746698585290953,64
1,0.7572114275972939,0.011719248117519366,64
1,0.7772852484805836,0.04165613281193403,64
1,0.659810237211931,0.007870144998278894,64
1,0.3299943271535062,0.03921785831556109,64
1,0.7944703629538711,0.0037374718810667066,64
1,0.7353376913379268,0.04222904780454034,64
1,0.5150208916190402,0.02339033725643291,64
1,0.5138632561827673,0.03985910430619716,64
1,0.4855513254222068,0.035024372707763325,64
1,0.5471356855631583,0.04838112085157581,64
1,0.7182013665529827,0.02400530580587268,64
1,0.7847028083853724,0.011498481111467736,64
1,0.3980284145962286,0.0009086402618176837,64
1,0.6430647105527516,0.016017022896069755,64
1,0.6709911567908311,0.018054473225262203,64
1,0.3183682929745748,0.008994228408318811,64
1,0.5155052617410751,0.010989714900392068,64
1,0.4299869198989244,0.02842351777852513,64
1,0.6656554685156935,0.04691002474364981,64
1,0.3994335312968863,0.02742506633822163,64
1,0.39746008277974965,0.023967519150220575,64
1,0.37258374852102283,0.020590766965477177,64
1,0.7234544469239756,0.028306538089572775,64
1,0.6263006617228387,0.02328015682294418,64
1,0.35318225675579373,0.02555458274245628,64
1,0.5655866020911106,0.024419475192857712,64
1,0.7551075145375221,0.0018365768352372248,64
1,0.376378453967206,0.029068540313329068,64
1,0.7740742348835278,0.018586932110854392,64
1,0.7015667736000832,0.04005863257722917,64
1,0.33054027642513456,0.04006848222489889,64
1,0.395548000389207,0.0022792682009158405,64
1,0.4723555849184955,0.03985477643679721,64
1,0.30883686865171656,0.0003631402862347255,64
1,0.5145333838565564,0.002067533293779683,64
1,0.3134580589177509,0.039990480047056076,64
1,0.35252379742315326,0.016950537138948073,64
1,0.4494761671282234,0.028352569899783,64
1,0.47314650996005864,0.0226993695633559,64
1,0.664241975665739,0.04936698085375555,64
1,0.6064474864705409,0.012374513387940718,64
1,0.40649531415517565,0.034586497976943444,64
1,0.7395110092596054,0.029111928581635763,64
1,0.34573363684906694,0.01498923897691537,64
1,0.49798960026408273,0.004083714253141868,64
1,0.7132050360434359,0.04706082127367751,64
1,0.4833309195698653,0.04059733087989043,64
1,0.5825377057836223,0.001297707396344894,64
1,0.7851702586867988,0.009565403619334717,64
1,0.368209486175028,0.04835075386908046,64
1,0.34047992476396394,0.007478074797006424,64
1,0.5759663549668905,0.02092702778221239,64
1,0.32806619413177995,0.0047563147298732514,64
1,0.4579954580039017,0.03244291425387901,64
1,0.46218538743838156,0.019838929507776805,64
1,0.35535082222199976,0.04531353988391826,64
1,0.7777065128337313,0.0173866915486927,64
1,0.31705624606081423,0.022422563047024942,64
1,0.3610126451949678,0.029305499348764648,64
1,0.41944623931689606,0.024207544963496405,64
1,0.7146323815763314,0.006346437556583312,64
1,0.5087959402105029,0.04497213082456087,64
1,0.5601595260963865,0.041334919436896905,64
1,0.7420129111288574,0.04478371217039251,64
1,0.6859053123323301,0.026565983407193874,64
1,0.7101973784980568,0.026534640694692052,64
1,0.4904462553371379,0.000650824879737405,64
1,0.7420792202401334,0.037030091129391624,64
1,0.5107030091241461,0.018863063528277636,64
1,0.5114538231483288,0.03505298880248372,64
1,0.3379739749550842,0.0023537177702892434,64
1,0.5750952742553487,0.03931502688166244,64
1,0.6741735859385444,0.0007958455864511549,64
1,0.7415958896623296,0.04264700932166136,64
1,0.42024012666234983,0.01678743247550137,64
1,0.6424873110395224,0.01070634525608069,64
1,0.7289807369618,0.009840465069310883,64
1,0.4057562046226141,0.04795221336704152,64
1,0.6047642279201699,0.029852806564725356,64
1,0.3148830648600284,0.001941764436615534,64
1,0.6844015447655105,0.04329445270077437,64
1,0.5731423408377159,0.04758425374663344,64
1,0.4965120520363117,0.0021642754517591624,64
1,0.709109599480847,0.009895501042896755,64
1,0.4922816381137375,0.017376707256375364,64
1,0.7620181158015702,0.04592368736744863,64
1,0.6739983731920518,0.014161127297380572,64
1,0.6219255320219556,0.03068560118574979,64
1,0.48111871505558257,0.010018114639610371,64
1,0.7370630681609717,0.04692811833482101,64
1,0.4047913361493553,0.03935489839453296,64
1,0.3212812975506445,0.03451251128679547,64
1,0.5049585986283578,0.049695271543945804,64
1,0.4439687008516298,0.0004481497254585021,64
1,0.4031580162647544,0.04781097672483697,64
1,0.7469525035414761,0.042395191641975236,64
1,0.3287996845533508,0.011340193474277295,64
1,0.5423794877954435,0.04525145185506,64
1,0.32341477657371026,0.002315216041309787,64
1,0.5579814316732306,0.009585809757968184,64
1,0.7681093735590654,0.027004127338826102,64
1,0.7150549296956845,0.01622273473519124,64
1,0.4151520018448831,0.02652872550491028,64
1,0.6004469299796358,0.0031392770454090006,64
1,0.48168469224895744,0.0361102089076459,64
1,0.49579051945689706,0.00548489850333076,64
1,0.33964507988226883,0.018210836342737985,64
1,0.46354890131445625,0.012085183363821134,64
1,0.48405347910355856,0.0275198102327025,64
1,0.3251198275139879,0.04003396157481437,64
1,0.7842036538240567,0.04741774366808419,64
1,0.6531010727351586,0.02431878223629246,64
1,0.7997359187053992,0.04708770816184846,64
1,0.7577416018300891,0.029229998960837777,64
1,0.3299270718794038,0.02070930158249414,64
1,0.4346063145910429,0.03853093619521768,64
1,0.3285946321842493,0.03625048127609405,64
1,0.3052066575825313,0.0055593655989505724,64
1,0.31681661038855136,0.0435557686768769,64
1,0.49404416239911625,0.004278073758152851,64
1,0.6427926693244905,0.009472802977344041,64
1,0.5615028692993642,0.0032493208280947317,64
1,0.6767146682724867,0.044477557826940434,64
1,0.7717096601262716,0.01045436976496162,64
1,0.45430272856037796,0.009345451037204229,64
1,0.3969177275309941,0.0062177656722016035,64
1,0.5684750925433131,0.03331617015116766,64
1,0.6950096270974544,0.0465084407103884,64
1,0.37516061565450926,0.029592418829401647,64
1,0.3146068156235968,0.00818197345546306,64
1,0.7497401800447525,0.02259426629887082,64
1,0.44856190226252574,0.03284521678197223,64
1,0.5009541086326799,0.0037095894000666765,64
1,0.6028585576870303,0.008008304372629333,64
1,0.7516879577490799,0.014756871801306571,64
1,0.4899035714172082,0.007572359188558287,64
1,0.6469296354911337,0.009500165267042572,64
1,0.33208288950754067,0.00975308322105848,64
1,0.6658856590838749,0.01451335013339915,64
1,0.7043091277314943,0.040405261876675036,64
1,0.6529240498848725,0.032308202208081255,64
1,0.7672019122380354,0.01581559463892901,64
1,0.3819607803919872,0.011797807174732439,64
1,0.3591456110064643,0.007099702553923859,64
1,0.38465450899578985,0.03975223263619776,64
1,0.4438213899714257,0.015690879574348948,64
1,0.6418643788803066,0.012129653918279233,64
1,0.34254805815262274,0.004648040692360173,64
1,0.4335168072040351,0.018305823595567667,64
1,0.4969044324772467,0.02621146657396626,64
1,0.5459112837796667,0.02163088310375591,64
1,0.7869139617096094,0.034611523718675555,64
1,0.49930216451333176,0.04065600377535002,64
1,0.36836104731766367,0.027406555855665773,64
1,0.5409715282658387,0.024691535622245915,64
1,0.6084441297031205,0.02728897022965589,64
1,0.7048936967436045,0.039543719325538254,64
1,0.665273123831706,0.030248834184478976,64
1,0.7950061511350051,0.01767108287022603,64
1,0.5854894158103381,0.029557397386851283,64
1,0.32325269857935324,0.03173959329513563,64
1,0.5823409889081137,0.011500441963853103,64
1,0.4287513502019641,0.026688093128867992,64
1,0.4254943911407675,0.046552327248336675,64
1,0.35840576159820775,0.040253572776095335,64
1,0.6391481583910614,0.015077416074554296,64
1,0.743639940476513,0.033994829388167905,64
1,0.7314236642063716,0.025328736596490597,64
1,0.4145940064813721,0.004213037862486763,64
1,0.38149718860382986,0.019512615144005353,64
1,0.7832792259063783,0.02157782655225926,64
1,0.41334996519656214,0.00844924904330306,64
1,0.4566842809073552,0.013811311637444996,64
1,0.367729337528634,0.02686316723249188,64
1,0.7100765884445425,0.002522444453012163,64
1,0.34671793054165473,0.004986046904794728,64
1,0.6161021511551094,0.004780347243142947,64
1,0.5176041061561975,0.031059822860098153,64
1,0.38575633312602026,0.048497973545318755,64
1,0.5681295014830368,0.043106297439007055,64
1,0.435046920664939,0.04045630778321412,64
1,0.6108599465030327,0.024470840920055366,64
1,0.579784104471216,0.0008612805328487683,64
1,0.5720780489312012,0.04014166080140621,64
1,0.48915166987015113,0.006112717722522982,64
1,0.5791800575514475,0.02243861819923594,64
1,0.6971541426171706,0.0034197988812688543,64
1,0.6627810604277733,0.01028414833425993,64
1,0.35793196984917197,0.04804159740663197,64
1,0.4764455265590958,0.011652893375218366,64
1,0.42391303577294553,0.031047518331305625,64
1,0.33067076931448186,0.004365587898995232,64
1,0.7301926912721581,0.03579021823502879,64
1,0.43869006024909396,0.021517946038759422,64
1,0.7100470682447226,0.02758730914582232,64
1,0.3979396034626754,0.02119802679860206,64
1,0.5421774297486153,0.04393548542628413,64
1,0.7502311970409001,0.02619032704831702,64
1,0.43082042687269634,0.01829787359225415,64
1,0.38434867751873475,0.035509584696321636,64
1,0.5760984693087001,0.033427215796478164,64
1,0.6881518290263208,0.04838663246673186,64
1,0.6419135833255871,0.0363795610155049,64
1,0.48560676891873406,0.042767787335730285,64
1,0.7957906520682312,0.007170490385660606,64
1,0.7864847599082366,0.031074869248623783,64
1,0.59396597097581,0.014228411059308277,64
1,0.31684609358063537,0.034889668797321347,64
1,0.6807437594159151,0.011119311325785959,64
1,0.5290667004756751,0.024510009635509714,64
1,0.5062673550721368,0.018616076443702983,64
1,0.35317735497892205,0.03968101060692086,64
1,0.6836659058086509,0.009174838246384398,64
1,0.520997246767682,0.025604389645069177,64
1,0.5765786442880396,0.016409779481563025,64
1,0.35808457648121883,0.02922683999384683,64
1,0.48062939332520466,0.030036971886806346,64
1,0.38710573166726125,0.01588591370453283,64
1,0.7792959956972576,0.03559913663560055,64
1,0.3928880653252317,0.020623154628187892,64
1,0.42538169792745245,0.014115699171957869,64
1,0.7502520190639932,0.01999127757991162,64
1,0.347617755228199,0.032814633271753206,64
1,0.4636791751040479,0.006309409267921584,64
1,0.6440443994087071,0.03515448042864188,64
1,0.3297727581951299,0.026944924370650488,64
1,0.3663284917394843,0.041653814849087714,64
1,0.32097089972492776,0.04737449526222947,64
1,0.5775013248144202,0.013978049994211334,64
1,0.6927603196972039,0.025127574506595075,64
1,0.5333687745987135,0.02152380500042844,64
1,0.579025914720845,0.008632767054195828,64
1,0.46404920358436086,0.007434758985657442,64
1,0.7086520084229013,0.014438389929742779,64
1,0.5812201717591975,0.010600967662052659,64
1,0.3848044050798016,0.021416441013108262,64
1,0.5414058492859699,0.011334973878800232,64
1,0.7654003257583122,0.04726848088744258,64
1,0.7313650765015995,0.011092390822025977,64
1,0.7190718564111356,0.03977107403099482,64
1,0.589915993857216,0.030603635733395862,64
1,0.43209021479198106,0.006161677521848885,64
1,0.5536008768125628,0.029411736581432497,64
1,0.6030715292637572,0.02764652828102229,64
1,0.4694255971287625,0.03184443515565482,64
1,0.5630156656452168,0.0021860199448529407,64
1,0.3140375614640694,0.0360485617548461,64
1,0.7188244821767862,0.008325132759452014,64
1,0.5132072913320787,0.036957327974052816,64
1,0.32663539131363645,0.012317240404159609,64
1,0.6329782735824903,0.011297152401892463,64
1,0.4278522688631638,0.013989297559137371,64
1,0.7143012593362321,0.01521965979734078,64
1,0.6784878625202805,0.014083022029999582,64
1,0.7715171204599112,0.018855744388484398,64
1,0.39875959938167466,0.02182620509639129,64
1,0.666295779536368,0.000668809096342099,64
1,0.4662658376279118,0.003097604802510107,64
1,0.6346553770834628,0.00872597974103932,64
1,0.4578139451310669,0.047272701337508216,64
1,0.6428489541622071,0.0017759400654382641,64
1,0.7886764033297777,0.04882680277320346,64
1,0.4750745897977354,0.016557523096047085,64
1,0.7134233774061594,0.03545266034915434,64
1,0.45614948928422916,0.009784105040309299,64
1,0.5185183083798428,0.03386122081871755,64
1,0.7460255607191533,0.037585279168580905,64
1,0.46209068098869205,0.046406890922724826,64
1,0.6000474507581276,0.005322846709874502,64
1,0.5901775796588673,0.0310288953040187,64
1,0.7164178527437348,0.029849370323662045,64
1,0.668385652848059,0.04269757210069605,64
1,0.7050390538056208,0.0018973186220904992,64
1,0.5569578234286099,0.023585756630452703,64
1,0.3149870018988726,0.0003857549621568868,64
1,0.6902634922551358,0.036853020880632574,64
1,0.3127040236551829,0.014471375761766415,64
1,0.7945879374635787,0.03647185862499251,64
1,0.571391515723769,0.004861816186138613,64
1,0.6496893757170997,0.048389451921424464,64
1,0.5996954762541385,0.006221571926593739,64
1,0.7654399608619621,0.044062320801022146,64
1,0.44783025527061116,0.02854629713262948,64
1,0.7784632771554519,0.02133534239049341,64
1,0.7574096914147641,0.020962659064230865,64
1,0.40299644264321327,0.026944180693075737,64
1,0.5477760799494054,0.006133463374131731,64
1,0.40015795034892554,0.039190217519693156,64
1,0.7903323524959359,0.0290838462375603,64
1,0.3432209853481715,0.0396086897966451,64
1,0.5387321734043147,0.04466025335920253,64
1,0.34719106129869737,0.03576296382010955,64
1,0.3145143169135112,0.033598003244598496,64
1,0.6942777739201957,0.004514410047391354,64
1,0.4801320321998866,0.018903816149098692,64
1,0.5651822113648672,0.027791384969957846,64
1,0.6306422071500988,0.005808976089115831,64
1,0.7012113555588824,0.03565510102843968,64
1,0.6733251976776177,0.014149221342239499,64
1,0.78516296835272,0.02210335976991696,64
1,0.5394050239249577,0.015211526593810577,64
1,0.3600777585075731,0.010708181249693178,64
1,0.4897224730547374,0.008221865760525082,64
1,0.7734679516837145,0.02250078794886892,64
1,0.728001176019055,0.044523901555235945,64
1,0.7186535187632095,0.004564299388335336,64
1,0.47293308980102494,0.04318092046374799,64
1,0.5430108230374635,0.03666588430936712,64
1,0.6517900619678345,0.049398259328499276,64
1,0.3324388366324113,0.012002564992573933,64
1,0.4164230934813656,0.022427683180258513,64
1,0.3296584484944734,0.04458401482708083,64
1,0.6595885132011412,0.008835309358952714,64
1,0.4885091900806338,0.03091756263822386,64
1,0.4830519498384043,0.032298544295688666,64
1,0.7787156274086567,0.02536648709856633,64
1,0.5240403274521253,0.022798831751828275,64
1,0.4252509039700588,0.019763692099115833,64
1,0.32259668506838285,0.02346756360452847,64
1,0.6215860346081552,0.0006440296886183916,64
1,0.5968433446014378,0.009920224944849933,64
1,0.6044910691840588,0.04936666465902751,64
1,0.594036385372367,0.0031441679356598307,64
1,0.5531468060862001,0.03084222470161285,64
1,0.5596429350400609,0.006054759534695503,64
1,0.7764866773539575,0.016177945620307388,64
1,0.4989779880867791,0.014226082028741462,64
1,0.49068280993467156,0.024420152528769598,64
1,0.6480882523308535,0.0019706608626139767,64
1,0.5623062080745207,0.005984472239392236,64
1,0.4535568274311087,0.02631513635971522,64
1,0.34143950937365297,0.037016545154935646,64
1,0.5715396634977838,0.02009917238061514,64
1,0.5557708997637483,0.02478855907355511,64
1,0.3588748165487646,0.04061115455309934,64
1,0.5827262408676112,0.0064637262375795874,64
1,0.6104052023597251,0.007450286664239242,64
1,0.38350652816571473,0.03747861195254434,64
1,0.696747202451318,0.019106295542033882,64
1,0.5266773823819502,0.046902122783944365,64
1,0.7601756437779403,0.04759009481398141,64
1,0.592557540340484,0.004329421293264269,64
1,0.46839911347599833,0.04995923087486524,64
1,0.7027911092986602,0.033577947766758535,64
1,0.5813614257010504,0.00831434214430316,64
1,0.6862910423845353,0.044903685368922086,64
1,0.435132356964567,0.049245364323367694,64
1,0.32543569985934734,0.04451186827808732,64
1,0.37495684164341997,0.04401037460974199,64
1,0.7073639130771243,0.018755339471118154,64
1,0.5685027332514618,0.03122369223453697,64
1,0.6864607743370361,0.027604749235090726,64
1,0.4523416780263403,0.018451756919780394,64
1,0.6288545831640027,0.011770150658910489,64
1,0.49952991641090055,0.04614194222831292,64
1,0.4743949727394366,0.04916504247182771,64
1,0.6643778089532608,0.03810545766553494,64
1,0.5271559095126224,0.03508008777643964,64
1,0.7967581932522405,0.004871119440601518,64
1,0.7195220403730807,0.04725518965963297,64
1,0.7531952251394034,0.02573655354817804,64
1,0.4085315058790956,0.03919169640190853,64
1,0.6490320189459375,0.034908955643636524,64
1,0.6006371451203154,0.0384768341935831,64
1,0.6526595583992862,0.013642857372446932,64
1,0.6793625543410802,0.015739283254556913,64
1,0.31780236772313136,0.0368805285253267,64
1,0.4966791738905308,0.016324929876683814,64
1,0.44685085608424135,0.0496342274661347,64
1,0.6356879102888657,0.014607338280162797,64
1,0.7931351685540543,0.043195075929691004,64
1,0.6827261914563534,0.02242182600716046,64
1,0.4776718933184632,0.004165048271818301,64
1,0.30341485219388237,0.026337630025521377,64
1,0.7487425383540208,0.022357460732200903,64
1,0.5117122859224815,0.035643811729990676,64
1,0.5699319475239514,0.002899631440071593,64
1,0.6961852343536998,0.013371116014822333,64
1,0.7251595476571744,0.012507948598485414,64
1,0.3786684740715524,0.03591839963553428,64
1,0.5257574403741812,0.003570937858233153,64
1,0.3554349521874741,0.026972206885029583,64
1,0.42428669745012637,0.030210641830986065,64
1,0.6491918091116199,0.006569094032083173,64
1,0.6156755188956775,0.022133682536231408,64
1,0.46872749165393224,0.022561788001095963,64
1,0.3521658714256729,0.020810197748593818,64
1,0.49997635107708355,0.02408726314103017,64
1,0.4702564129527615,0.003785523571686983,64
1,0.34878030112475994,0.045003704176942175,64
1,0.7475740471073666,0.0033801216357014943,64
1,0.750999904174328,0.042765099105294364,64
1,0.501887611456337,0.026229424927073527,64
1,0.7238509498962286,0.014006837775440978,64
1,0.66035095006716,0.03776518549555919,64
1,0.6017349788458473,0.0332387645687807,64
1,0.5408671928548915,0.04800398499529398,64
1,0.41356495022802486,0.008547629021078746,64
1,0.7170956472475951,0.027359089952812374,64
1,0.5856830218556692,0.000590133113099689,64
1,0.637345984893408,0.00516556253727164,64
1,0.39547949001832855,0.015548108856634036,64
1,0.547460746986176,0.044217988745749226,64
1,0.7374420783093067,0.04149662968594543,64
1,0.4317317598115554,0.0063371390704173025,64
1,0.6582812496527435,0.017106734450737734,64
1,0.4665442160626315,0.036630399832934105,64
1,0.7978588267037219,0.010207106173859344,64
1,0.33316102514621426,0.034389220482718495,64
1,0.6993880707392497,0.03110632749855642,64
1,0.42294798265818984,0.042676611472633796,64
1,0.6819868148226588,0.03372951399146629,64
1,0.3761817924148007,0.03940914630705317,64
1,0.3354566011725025,0.038735706132129955,64
1,0.5095945385754589,0.0006979868547775548,64
1,0.4703498080405106,0.03668925144872075,64
1,0.6367802044365763,0.020924739911456092,64
1,0.5710101090179052,0.006683759485308888,64
1,0.3428782687657709,0.010932545426042757,64
1,0.599201416443115,0.010075537894042303,64
1,0.7444135953238742,0.02000886087457093,64
1,0.4102886714517819,0.008220360471836219,64
1,0.3686588123884238,0.01186209704866475,64
1,0.7532029876676442,0.03981983232280515,64
1,0.5128587499808002,0.04431826291269655,64
1,0.549432503614588,0.03835878092231321,64
1,0.7134741706039949,0.04223339609226631,64
1,0.48584586369424365,0.01585239563046964,64
1,0.7017743687867228,0.041330475704418196,64
1,0.6436713768357908,0.04900627287944476,64
1,0.5686063874994669,0.010616165162417118,64
1,0.49945289059248843,0.01684332633779159,64
1,0.7654693850218586,0.03690992600760849,64
1,0.5685296040381781,0.037066950242540926,64
1,0.743482908052097,0.0073599537734281295,64
1,0.42698754608790135,0.014862988490668078,64
1,0.3863311877803521,0.0027477368996096986,64
1,0.6410659660270062,0.033860276442413295,64
1,0.5116399978812424,0.04252982247755234,64
1,0.3452059709782829,0.0078051732181489974,64
1,0.7296210344470362,0.0455693314315175,64
1,0.4926282827156011,0.0009815197506091277,64
1,0.40944803487246006,0.030028516407412154,64
1,0.429974545851446,0.018540848205920463,64
1,0.5133896488236854,0.022891468417831747,64
1,0.5310509868755109,0.024041674839175048,64
1,0.7291290788592439,0.013803575429394088,64
1,0.7117200910386623,0.005410930570414085,64
5,0.7038976650171669,0.03363409736912935,64
5,0.9677818759405172,0.03798922720534223,64
5,0.5427879803166635,0.026091978405535843,64
5,1.1969383910777565,0.036472072613387994,64
5,0.6836058381524165,0.03871014036460105,64
5,0.659223336054721,0.02587109620312321,64
5,0.6391729510141397,0.002465431815009439,64
5,0.4255340870638017,0.03298238949809662,64
5,0.36445817276009534,0.04764195406758599,64
5,0.6820178506803569,0.007614565312187716,64
5,0.581503282686784,0.04887494354362169,64
5,0.9538645130919223,0.01819575007783778,64
5,0.8929356863928977,0.00841202613246277,64
5,0.3969248072913732,0.04917363706321403,64
5,0.8753069324261913,0.045030143940460864,64
5,0.35409337241516176,0.046804318600955304,64
5,0.7104949273366631,0.025376636126931917,64
5,1.125255634168855,0.040936427842550485,64
5,1.1341786927695878,0.03639540311681861,64
5,0.44380578466264164,7.460125914884874e-05,64
5,0.9466179952938145,0.03865390274497894,64
5,0.4284762170421109,0.04366469521209257,64
5,1.1320685444104273,0.013266104794756196,64
5,0.32865780855808496,0.04834035489649825,64
5,0.6302195272619356,0.04080137375845482,64
5,1.174421373141941,0.010368089889261429,64
5,0.320783307560607,0.0022335303463358325,64
5,0.8966299607195489,0.03871104219425022,64
5,0.8882645504868629,0.01250515483362234,64
5,0.8030404908613173,0.016500727611946802,64
5,0.6546977028732694,0.02683195468918949,64
5,0.7174392343230022,0.0019296394894138093,64
5,1.019712541647025,0.04608302401880778,64
5,0.8815596875059506,0.03795623619926343,64
5,0.9617244303645056,0.016526574065056206,64
5,0.9435339014039534,0.04364243320829883,64
5,0.9619897818867527,0.04517802604408935,64
5,1.0494256223783414,0.009628463814592886,64
5,0.3874604706675054,0.018151551870545898,64
5,0.5558987313193036,0.033872653782495536,64
5,1.1467681421649836,0.0017053353302273035,64
5,0.6837300419889838,0.03216637475225723,64
5,0.8795381992107703,0.0029210751307421515,64
5,1.0929999124985945,0.04285697613017609,64
5,0.6568648068016234,0.011535041846895645,64
5,0.3781586539026873,0.040112797769027944,64
5,0.40322434541104074,0.040243486711165864,64
5,1.188853063186578,0.03325134327396961,64
5,0.825117807575557,0.04507920206426057,64
5,0.9033927762555218,0.04428851653129046,64
5,1.179481497398643,0.0402858809706142,64
5,1.1359834855908741,0.049555627682409065,64
5,1.0046690822575013,0.006963248011926571,64
5,0.722022821999725,0.026338622935653547,64
5,0.875873832695389,0.04046640139509686,64
5,1.1505250511873455,0.011692433774673834,64
5,1.1677647172000494,0.02207305721139427,64
5,0.7137575596886356,0.005699128863762882,64
5,1.0928132330567564,0.03033901392665421,64
5,1.1894505646382172,0.04346183134401076,64
5,0.935127313086922,0.03835352575254479,64
5,0.7315918244296792,0.03901860645370518,64
5,0.656893006644937,0.027193621254634332,64
5,0.845223130891188,0.04200411230044563,64
5,1.0805882633059951,0.023695422246115684,64
5,0.9322030001023229,0.042881966334795366,64
5,0.8600163549811164,0.026648432039709666,64
5,0.50429220617404,0.0170589245760178,64
5,0.8960473098769133,0.022892666251261264,64
5,0.3627119699397978,0.03948480753882426,64
5,0.9915287413472984,0.022678599260256223,64
5,1.1650565352809186,0.01663620418237402,64
5,0.9233214396170293,0.041511221418602556,64
5,0.4447243449804922,0.008218055941887242,64
5,0.3087513050655547,0.01936679154336153,64
5,1.044341335790931,0.03759869037061113,64
5,0.5750716112443881,0.01958390983695889,64
5,0.9812002579040038,0.036271670310002606,64
5,1.1093409475001845,0.005218194881265204,64
5,0.7735642017988704,0.04069317518705813,64
5,0.366347430828283,0.015680021896131602,64
5,0.7096703040054361,0.030338432032756053,64
5,0.5038243889198274,0.03915331216562939,64
5,0.9210668641532003,0.02493640615232001,64
5,0.8110669860840469,0.044673153497582885,64
5,1.0139451636536885,0.031554566416767876,64
5,1.1950188542758073,0.04082912675546357,64
5,0.8467734747009517,0.006583226434878681,64
5,0.32914484393424004,0.009881827556083156,64
5,0.83038144436772,0.036973265486491574,64
5,1.0771881706117012,0.03853343432610801,64
5,0.8738835044830131,0.04791833693234015,64
5,0.6822832870109671,0.027032816245037186,64
5,0.6067797377966156,0.016524833044382355,64
5,0.33773704930918264,0.01589894257677111,64
5,0.7445335110060296,0.028751411506260083,64
5,0.9790657065551698,0.007338985872067489,64
5,0.9229552198101161,0.03724449807783558,64
5,0.6872246095646919,0.03227039718148099,64
5,0.536915206081817,0.041148764394018315,64
5,0.5533240935026267,0.04239063762586323,64
5,0.6057944235283621,0.006375853487275169,64
5,0.44998079429371307,0.006416235441780116,64
5,0.7881637263024508,0.048225227031808336,64
5,0.49329741497214485,0.043404093017522634,64
5,0.578756126015489,0.03722052757036479,64
5,1.0019989957518112,0.03676283115282153,64
5,0.3518212803165875,0.027248281541093707,64
5,0.3683803450342409,0.00201845493164583,64
5,0.6210110210546405,0.031064582953434547,64
5,0.4994045076466499,0.021410803036663702,64
5,0.4631062821194101,0.03797636693077829,64
5,0.9928608058271742,0.01247472716356064,64
5,1.0337781269253556,0.008008545132362183,64
5,0.3335779523141494,0.002483335640681195,64
5,0.4485181203631089,0.04805711902309143,64
5,0.4853676546821663,0.01320621675586291,64
5,1.0898356177470014,0.03278164400092517,64
5,0.6105584953454288,0.03108524090706712,64
5,1.048110855708255,0.024045187245081208,64
5,0.36504343330805045,0.028267156362881286,64
5,1.0245928897501995,0.018928396749249787,64
5,1.034125176558351,0.04393418331816262,64
5,0.44272057310171153,0.03128371443235399,64
5,0.8897938275380124,0.009955779369454826,64
5,0.5147731711960226,0.01576554064173733,64
5,1.0932321659891564,0.043576962071003075,64
5,0.6019429998415167,0.0035984725255619465,64
5,0.828496263037757,0.0379414700454312,64
5,0.9187121957656168,0.0018116412649460123,64
5,0.6180464653056017,0.039616711782357567,64
5,0.7702313752442074,0.03404248768669501,64
5,1.102603274170016,0.004482873730433529,64
5,1.0627893591054063,0.014865367116208407,64
5,1.1483298522734284,0.001480721845300498,64
5,0.7490034408503694,0.030177981674983475,64
5,0.9516744295669142,0.0492750351627283,64
5,0.5359087154690942,0.027108559388027604,64
5,0.5152770758069544,0.0263752912213806,64
5,0.7035697700454684,0.03370878390676963,64
5,0.39500656989430105,0.006032260315773686,64
5,1.0636435846068122,0.04324489151539683,64
5,0.49513915891956684,0.041495913932266155,64
5,0.5972729017058644,0.03298303165148469,64
5,0.702449006535081,0.038412354442396934,64
5,0.7845156619477538,0.006456357122562751,64
5,0.8597698247801906,0.04331623736265533,64
5,1.0096874965877471,0.04493476939039612,64
5,0.884613999204934,0.031825647345432195,64
5,0.48470710974193476,0.003765389825803567,64
5,1.065317675678212,0.038855869419211514,64
5,0.3145491332943915,0.019191198093288814,64
5,0.3511671239356858,0.0019116885517781403,64
5,1.0411909944752746,0.019707402993130133,64
5,0.8092828493008619,0.013394738672236528,64
5,0.503864301273153,0.0016659665457372187,64
5,1.1445120422880717,0.04058649206110089,64
5,0.5716855075144254,0.0251823179242695,64
5,0.4533185997772914,0.04934393827217612,64
5,0.320127700211021,0.03781357495989646,64
5,0.5584757818256405,0.015036286254320902,64
5,0.7803571183936862,0.009410858629476349,64
5,0.7574775733440395,0.024088187168659642,64
5,0.457776374431504,0.010985023384324333,64
5,0.5228120199535568,0.03544374967487973,64
5,0.8870580125286869,0.02311713877894536,64
5,0.5546590263991582,0.031554895484198445,64
5,0.7981857423575784,0.010651480898001936,64
5,1.0945220729896155,0.048145216486336934,64
5,0.4865303466084152,0.013840594701279518,64
5,1.1881094814924316,0.03794207468610941,64
5,0.4470041678882588,0.0026401010564244157,64
5,1.0779108837514024,0.020573467554819272,64
5,0.9678695041997187,0.005767106213515134,64
5,1.0057604574015406,0.025311209669722945,64
5,1.161241590942541,0.025658531343068194,64
5,1.0883283849846317,0.007120901154216569,64
5,0.5733242396279463,0.03088780289200074,64
5,0.858142619012751,0.03348964916756258,64
5,1.0314707631245055,0.04412567441736287,64
5,1.1891282291557692,0.04564656123605105,64
5,0.3983011131542143,0.001915395547323634,64
5,0.7206802345447606,0.006004109342184144,64
5,0.6487802204763555,0.04654462481261943,64
5,0.7149221364251341,0.027383210315722075,64
5,0.7892097359592916,0.015247136342159406,64
5,0.9365392338747676,0.022921033332675995,64
5,0.8559014500445263,0.041666826284173786,64
5,0.9501893646883053,0.0061421504554200704,64
5,0.45202410466492843,0.022696880931812546,64
5,0.8880705667461033,0.04297670683672605,64
5,1.057541254868798,0.0035504982410947852,64
5,0.9987308895923714,0.04965903458856312,64
5,1.153712228982911,0.045932768198710616,64
5,1.1147471486210123,0.013892294957515195,64
5,0.9557865510017176,0.0486941910313943,64
5,0.8636707367174206,0.04825262637138284,64
5,0.9041921557342625,0.028360538613744893,64
5,0.5331530082287654,0.020595234399984882,64
5,1.0974484139795007,0.02007785552670221,64
5,1.046050685025136,0.03635129722892116,64
5,0.5802909881285623,0.02624485598104308,64
5,0.5151784013529782,0.034947314003611646,64
5,0.9962296003021589,0.011943540440984135,64
5,1.1935879516526569,0.04571185028177985,64
5,1.0505570580803647,0.021624189091521348,64
5,0.9599143995321024,0.005581092540380229,64
5,0.34901211954711187,0.01626915490186846,64
5,0.48755363261285944,0.031145002380822434,64
5,0.37218563596619825,0.008150587180695069,64
5,0.9799027601695522,0.04639689245180828,64
5,0.7866140312763985,0.02627143916649411,64
5,0.8889352006530562,0.04107140488833831,64
5,0.6461250772938936,0.00894410707738727,64
5,0.6346212156814427,0.002983288580225535,64
5,0.4479299572080137,0.03898283748683765,64
5,0.4146200271657732,0.029529838399109404,64
5,0.9131509165936311,0.03497004606263832,64
5,1.0861898948812823,0.03529363982424238,64
5,0.5504537462663062,0.0376435459820907,64
5,0.5604864411293364,0.007801174050935594,64
5,0.5024837279944965,0.04145555681280885,64
5,0.8373329208314737,0.02573054575791823,64
5,1.1862585496360594,0.011998358903786966,64
5,0.511748408996043,0.004951296360176683,64
5,0.47560773068159246,0.004708226022137674,64
5,0.3061135602074881,0.0067510498542840865,64
5,0.6104695148340035,0.025105505341562473,64
5,0.33292129328243214,0.022808229803101224,64
5,1.030702096322039,0.021995374814533192,64
5,0.5182422016182266,0.023686575470545812,64
5,0.7390431098117083,0.029032397856043148,64
5,0.6618766132055176,0.035992524464783106,64
5,1.0563422472169428,0.034829621958764226,64
5,0.7400436650162734,0.00607641528721265,64
5,0.8380829039577253,0.0028566648029876964,64
5,0.9959457116092894,0.031173168418563137,64
5,1.1153314825288114,0.04141961023047223,64
5,0.6385042711285933,0.0017175028075382239,64
5,0.439062475607254,0.0016763444844272004,64
5,0.38522177816010117,0.016365229268651995,64
5,0.7929602100192248,0.010204268783775783,64
5,0.9613482070219799,0.04067377986514841,64
5,1.1929428802819781,0.009463465471320926,64
5,1.0547188080210719,0.04037971767219545,64
5,1.1439864842638527,0.02189732004776157,64
5,0.7848756958864569,0.014243219131305013,64
5,0.44959329830493183,0.043701355302757566,64
5,0.3027264621259377,0.03350983088710564,64
5,0.6246088470111829,0.04407342227556684,64
5,0.7257598723318248,0.007525888565054795,64
5,0.3846427717531647,0.04094270563220936,64
5,0.4110727146973669,0.047226565454847436,64
5,0.5744307405012319,0.012125155600559035,64
5,0.41584875163264423,0.048469967834324314,64
5,0.7599169254874996,0.04549294953701394,64
5,0.781376307275376,0.014745302559307722,64
5,0.3058260322750279,0.020643096806683844,64
5,0.41009084615714086,0.03949435967667822,64
5,0.5207545538712367,0.009421871040450553,64
5,1.0130127117756542,0.01795037322197276,64
5,0.9307129124761557,0.0376327136431648,64
5,0.384483853027753,0.008192730843448875,64
5,0.947980352521395,0.01073225069805669,64
5,0.39015935825989306,0.03162971497005792,64
5,0.736813487455054,0.02952083045243402,64
5,0.7580343350950023,0.010969553655999043,64
5,0.6739602032556226,0.030643290183260265,64
5,0.8195624279304301,0.029148426353626224,64
5,0.5605992827224389,0.003415734733337178,64
5,0.37208306838542904,0.020628998248106475,64
5,0.7827339837747438,0.04409769927061189,64
5,0.5291278213200006,0.00021197004330038573,64
5,0.7328723224264432,0.007788626712704411,64
5,0.35484400646341296,0.03716325870791651,64
5,1.1838505832540807,0.012214963639871386,64
5,0.5443571039692947,0.011380325323830875,64
5,0.45158991849782637,0.04192293239776357,64
5,0.8763619859537894,0.038686054023783126,64
5,0.49620970472198445,0.01965705814540661,64
5,1.0116618156107622,0.002090146340451343,64
5,1.059530880149517,0.04759541179724765,64
5,0.5859972448388797,0.0049496459492801015,64
5,1.0558812974224112,0.012307963860423194,64
5,0.4477285857546949,0.043839738199409874,64
5,1.0556280674076488,0.045551794488306034,64
5,0.9725808010914172,0.008522131767893093,64
5,0.9675958064471208,0.017059256397812646,64
5,0.3683175134997978,0.020425366398447626,64
5,0.6885133800802609,0.027572019139406642,64
5,0.44898928377532954,0.03264421337354473,64
5,0.415411285676626,0.01940863232965609,64
5,0.5758751206794716,0.03467783236456922,64
5,0.8960095029228685,0.028707637815292838,64
5,1.088610902184763,0.01684276177469533,64
5,0.9437888337403131,0.04842551943128936,64
5,1.1630544855818261,0.006204999274366452,64
5,0.6322236247533195,0.027940200309386088,64
5,1.1865598404499724,0.006726380085530515,64
5,0.40580859265514896,0.030424877918620148,64
5,0.544231307731444,0.047115920389414534,64
5,0.3739619249209724,0.005161016527986346,64
5,1.0712251746813115,0.03853146362393455,64
5,1.0795553793944437,0.005239172520894054,64
5,0.7598675894504165,0.030188479972138523,64
5,0.5674888824092014,0.047701017116010686,64
5,1.1032852850308583,0.02604273118618837,64
5,1.0094699854471103,0.03088654764839101,64
5,0.8303974617391885,0.0008799345910261603,64
5,0.7962666339132514,0.031776365071488,64
5,0.5618610243284876,0.010983056209717373,64
5,1.074412343581621,0.007113931891335967,64
5,0.6208899029344461,0.011082268151957226,64
5,0.8611622011462199,0.035123711490721014,64
5,0.3456542937996681,0.04501705544358485,64
5,0.5660919627936278,0.0445725846493787,64
5,0.729323201247717,0.04203169548613417,64
5,0.6253372900708902,0.04330250767301524,64
5,1.0398419664738905,0.028117722355085202,64
5,0.8632076094921115,0.023500081190256695,64
5,0.9711392221120481,0.021827519813124766,64
5,0.4783937824016936,0.018821712041887442,64
5,0.6049465668976184,0.03565840679864671,64
5,1.157540431363617,0.025091957848881602,64
5,1.179307471529997,0.0037757567501683353,64
5,0.8065952775982574,0.04038380952628724,64
5,1.1861497319042318,0.02432284017197848,64
5,1.1500671421607953,0.039596702028776305,64
5,0.9518739416241442,0.02284138499677081,64
5,0.5468487409409135,0.04891670085901329,64
5,0.3840965653418256,0.02307991650001234,64
5,0.5670706346825911,0.020299476321770885,64
5,1.162118462068661,0.028429252182410897,64
5,0.4208058861736475,0.03919022049305656,64
5,0.6628528813391719,0.021726288112761616,64
5,0.3445899658906182,0.04635486922561879,64
5,0.4140781231795218,0.03296563765725944,64
5,1.1269337526845178,0.04526574212233062,64
5,0.8117302064141174,0.0010811394274178598,64
5,0.329693618347541,0.0447525690093043,64
5,0.410495225063217,0.01352305114513725,64
5,0.6959826624028078,0.032434402625889994,64
5,1.0759450251938998,0.04415522858625179,64
5,0.9087615771387927,0.018572674378540495,64
5,0.33515285157878755,0.045146672817990265,64
5,0.31330487787942696,0.015480133801700591,64
5,0.6550347575842662,0.02972262438925979,64
5,0.6554907661014195,0.024552902984827454,64
5,0.6103757747140914,0.0223871296493055,64
5,0.48389432458984094,0.019061440303134815,64
5,0.9019505018056768,0.0057547740948273585,64
5,0.8780078719852868,0.015072711529750716,64
5,0.634100914273254,0.03941576908269042,64
5,1.1004810522307207,0.019871793061709678,64
5,0.42587638021360874,0.04349022122227167,64
5,0.712910667685778,0.03766094703874412,64
5,0.6964556270298707,0.026968995291065126,64
5,0.7653252430463207,0.0031529935890916186,64
5,0.8583794406866943,0.01906841017811487,64
5,1.1845326420205233,0.04740573774287062,64
5,0.3617338307621532,0.007038814130252886,64
5,0.5143151475270143,0.023384453646691797,64
5,1.1591945423004086,0.015069988288271698,64
5,0.4215875045538772,0.01813843156993159,64
5,0.9509030879487295,0.022920501474280593,64
5,0.9311969699071507,0.04132909728687799,64
5,0.4610622999072285,0.010482330647202132,64
5,0.6017134174231228,0.006749060060454138,64
5,0.9992134999403623,0.02706743425115491,64
5,0.8258525663776812,0.009985584144375677,64
5,0.49903195527103295,0.025877378545445667,64
5,0.654694922744193,0.04622026430798864,64
5,0.4435027388608067,0.04123576875448652,64
5,0.38892690446019906,0.03532114010984021,64
5,0.8520914760307476,0.027367353312772142,64
5,1.0068614367156457,0.012710616631403021,64
5,0.534063212946676,0.04546666628666544,64
5,0.4228364714243844,0.003536767032313537,64
5,0.8376657134466134,0.0332824120234288,64
5,0.3938506572098275,0.017482949055885405,64
5,0.4204119444951803,0.03259863555636458,64
5,0.3928731275843418,0.002829725493383184,64
5,0.4663410480682598,0.02426665049547861,64
5,1.0544299861363848,0.031711958746222645,64
5,1.184867040165061,0.0047335068904982465,64
5,1.004505791131756,0.019978376580968696,64
5,0.9476369553594943,0.039726574980830556,64
5,1.122903784455581,0.019971751413282564,64
5,0.6472990028937651,0.019455138979708797,64
5,0.47236365565631,0.040464015301165675,64
5,0.3587949417149384,0.04869990344914224,64
5,0.46872307069035013,0.008841198444305065,64
5,0.5258168513300876,0.026908214651148024,64
5,0.4598739348061938,0.013674816263586376,64
5,0.9368421153235063,0.00013356590448828642,64
5,0.5059256126870623,0.030861660685129372,64
5,0.766680039069642,0.005900850644215455,64
5,0.6419576028331334,0.041165913039502594,64
5,0.5133205595531128,0.04934014978971054,64
5,1.1111489248117559,0.012785128256162764,64
5,0.7008212561532895,0.004413014378546532,64
5,0.7654384673612271,0.040702668272222076,64
5,0.40634176052429016,0.03659316450081044,64
5,0.9851670351625899,0.018447353350988432,64
5,0.5169941096213629,0.022278764194559254,64
5,0.7059017996763263,0.03009038892253665,64
5,0.7889972015710509,0.042772020292389724,64
5,0.37505062456727956,0.03970467922263889,64
5,1.1657341364854221,0.0030678799696215956,64
5,0.6938930425150911,0.019684934291115504,64
5,0.9790270829039964,0.036108260982938234,64
5,1.1516596378181225,0.019723798662404975,64
5,0.9062084845177436,0.02979929636241241,64
5,0.9984393443813571,0.043543501984277776,64
5,0.42136857881375506,0.03714708450707606,64
5,1.1906126185005188,0.02361360727160063,64
5,1.035220160128066,0.0017707929628959396,64
5,0.888676542662113,0.030806039941787308,64
5,0.7573952889574951,0.036247989062065354,64
5,0.6174358389669099,0.010994731683303949,64
5,0.8594903690365114,0.04144332893288019,64
5,0.7879470974642391,0.03240628805382363,64
5,1.1094218862209497,0.03051567344289834,64
5,1.0364599552199523,0.01787040934285136,64
5,1.062542256582242,0.026485732963429928,64
5,0.8852362170339307,0.008922183932844403,64
5,0.5476273633024432,0.03975521246023656,64
5,1.077777106165728,0.006346096361178999,64
5,0.364390438100525,0.045567582462500915,64
5,0.5265228506579843,0.026009165524892366,64
5,1.1324416306945633,0.043462074820175306,64
5,1.1105722063727765,0.030135328661733435,64
5,0.9927138266233444,0.021395060679567254,64
5,0.476511392785595,0.006294419681160641,64
5,1.1455239176573906,0.04346953254893488,64
5,0.974866198948285,0.04436145201576818,64
5,0.8390572559346126,0.047260447904956114,64
5,0.5202948163191908,0.04851910024762893,64
5,0.7701478343069526,0.03376949276125204,64
5,0.808690799123938,0.04406019801272499,64
5,1.0359313410157382,0.03372653348368875,64
5,0.7057209830643976,0.021754448200863648,64
5,1.0748458258458198,0.027837605133190405,64
5,0.91487530612013,0.010881872465383503,64
5,0.7215239978793435,0.03373217159244595,64
5,1.184440651331227,0.04642716252564033,64
5,0.7013890016632897,0.03227739901300543,64
5,1.191823186273141,0.04340637566729137,64
5,0.7227946146740891,0.04236763348039105,64
5,0.30440573191801945,0.0030988959403440656,64
5,0.8246487403773146,0.03738170824126966,64
5,0.45602579860282755,0.014271090008531884,64
5,0.8589815572488955,0.035062127930486894,64
5,0.7737749980369972,0.03571971411524759,64
5,0.9562269522832754,0.0298092107037509,64
5,0.7854589705700132,0.0038212951940623076,64
5,1.1576305926901223,0.02993898564345463,64
5,0.8060024913919706,0.023424208851129048,64
5,0.7035328184850038,0.01743101123358366,64
5,0.7126518783371867,0.03532839317853457,64
5,0.5015204677849624,0.042543432634236496,64
5,1.0078195666313068,0.041421412402044416,64
5,0.5305902000912592,0.013214557298732822,64
5,0.6394393937366725,0.034743568595928746,64
5,1.0582760913192588,0.021570111894299995,64
5,0.9857503995419548,0.0397080778930567,64
5,0.9131124288535879,0.04936158369341768,64
5,0.3918659564925916,0.04733045888194567,64
5,0.6757778204635807,0.0014537959843527071,64
5,0.6789080354896235,0.04939797413381884,64
5,1.015080919916224,0.021948200422136906,64
5,0.5600359116847621,0.010310687745014008,64
5,1.114957527894602,0.02389349428792887,64
5,0.6197445780986157,0.015105954260016747,64
5,0.4955399347753741,0.030695126027543308,64
5,0.8482702707530538,0.04786932253529897,64
5,0.759867325505988,0.01142399357280896,64
5,0.5411523852628483,0.02061603597692442,64
5,0.8833402959462668,0.02334580276352364,64
5,1.0470848381640006,0.044433219943758345,64
5,0.4760905122940435,0.04293308699399305,64
5,0.7261525508889817,0.010000484947798389,64
5,1.0736884460894125,0.040685470089026066,64
5,1.1011465484605059,0.04392991772552535,64
5,0.5813164449333859,0.041302500612464994,64
5,0.9429145757924078,0.01803047205423804,64
5,0.7589248460812744,0.028841947786439254,64
5,0.3776896015568022,0.017983006363315845,64
5,0.48050858813199676,0.001351741381036853,64
5,0.48231172071779893,0.0013418798218192197,64
5,0.7150297612590497,0.017902153107096138,64
5,0.4359895085714085,0.03575386895847218,64
5,0.8315027040752061,0.004647551415437956,64
5,0.44425324929221244,0.006362029826016852,64
5,1.1316859658178076,0.019899210605974854,64
5,0.45314724279965385,0.04174716222074212,64
5,1.0457728922885405,0.005575758804660625,64
5,0.8750633267128771,0.03393827202052042,64
5,0.3335530011595834,0.03633647135189013,64
10,0.6724226612660287,0.4657213610429506,64
10,1.825800172793349,0.7631272184715098,64
10,2.5950360496005613,0.15729729345085597,64
10,4.957496770560834,0.2569715690677872,64
10,0.6850948763646333,0.7622068035365734,64
10,0.7799988415709103,0.16512354033968324,64
10,2.685525291017703,0.107386349668397,64
10,3.1924092686259993,0.4830521827595544,64
10,3.2941859074636093,0.07066516456755811,64
10,0.3477259580443598,0.9476133296138368,64
10,4.813365506113521,0.8034124774630491,64
10,4.291855640400071,0.42782331896648707,64
10,0.5096114020925321,0.7641389465590338,64
10,4.25786369666146,0.5334179758716572,64
10,4.93617069879051,0.3727200855792122,64
10,2.173677671839236,0.15008136555840967,64
10,3.046751412121292,0.9165222113865692,64
10,2.9502383440506095,0.13139739492139413,64
10,2.4819933349628753,0.7801517909336344,64
10,1.73953518120261,0.9214061006951639,64
10,4.541273855978744,0.40636239233901084,64
10,4.301373851724499,0.05386745757582556,64
10,2.7763231217555897,0.3144607262731499,64
10,1.0599196470397958,0.8887074463467957,64
10,4.880482813153975,0.5504304333077632,64
10,2.6405682645222432,0.8666759922031967,64
10,4.951600260506107,0.5003828115937325,64
10,4.821964743718657,0.711226000374262,64
10,3.6599740976341866,0.15324820626197444,64
10,0.8230450712220154,0.35658435420233114,64
10,4.008329974550356,0.3990444890061815,64
10,2.1331283172830706,0.2969841608814785,64
10,2.684932763823963,0.31621770280774664,64
10,1.6660232487603517,0.49021902201018597,64
10,0.4471398589811666,0.0008755475721846651,64
10,3.802548448520833,0.8326142858478445,64
10,3.3014216092811575,0.507553213290915,64
10,2.359336770302078,0.21393668663361198,64
10,0.3813647374263301,0.019356733222923972,64
10,1.4657816935496704,0.7763327221652043,64
10,0.7799964000561799,0.7515951196286479,64
10,4.863837827271156,0.6954095972103238,64
10,4.02372416270206,0.6910440772110784,64
10,3.949328093226187,0.9923911943973264,64
10,2.6200803571018674,0.35579968404781637,64
10,1.0641345075766024,0.10229367577369153,64
10,2.69689220647845,0.08531601683644696,64
10,4.873929275783234,0.6912690937979366,64
10,2.216992315031306,0.06236753797391881,64
10,1.7562259785853727,0.8230932843694644,64
10,1.0002183062804815,0.6312586934365388,64
10,1.7556471200323172,0.8747723171431638,64
10,1.770135917205539,0.3793385509017203,64
10,1.1658769589929023,0.6052197873810432,64
10,2.3863775789962824,0.8446240893815588,64
10,1.246655373842615,0.2321196926305391,64
10,2.7808609927947248,0.5411323839417532,64
10,2.914272749181136,0.06140116705860832,64
10,1.9933904106736728,0.382840581043727,64
10,1.9475899843449536,0.7786600483595937,64
10,4.85947668034344,0.7153669517061723,64
10,0.8555555928718568,0.773229121943333,64
10,2.3575790852962974,0.2544788062818215,64
10,3.49109381275487,0.27885929895273465,64
10,2.962931280483101,0.4287982482170911,64
10,2.2406565535803677,0.6179024442795136,64
10,2.5126103985799513,0.662802280271079,64
10,0.34951508181280894,0.4044499949942776,64
10,0.5388896366121361,0.2767896042686866,64
10,4.124266655622477,0.9551705473651919,64
10,3.3663033228222288,0.822211611313736,64
10,2.071449866968271,0.898053138707528,64
10,4.637900099809993,0.8395571868991324,64
10,1.8798082391212176,0.4451284566782495,64
10,1.8707606105001733,0.019563938929881175,64
10,4.838370310943177,0.1379582239165097,64
10,1.2460643792774426,0.28228434164537586,64
10,1.6665003553526634,0.6020758451775746,64
10,0.6154864349397621,0.5222077579857922,64
10,1.8460390969236733,0.12473085620733226,64
10,4.230419460629325,0.7595624105985677,64
10,1.6068533760451056,0.4238458813910605,64
10,2.604712875453471,0.5125402726554883,64
10,1.2577839125674524,0.5314699149989689,64
10,3.8057655485737554,0.8186675090046726,64
10,1.1088366903985387,0.01256337972964916,64
10,1.605224155788268,0.2307805369351048,64
10,1.197297889940198,0.5612621769947772,64
10,1.8189829023183224,0.8584221986014611,64
10,3.606994335258821,0.7112367521029639,64
10,0.5670667182703433,0.7227417904011646,64
10,4.5410679899995054,0.891200876427791,64
10,1.3845225481672738,0.7294222959782712,64
10,4.229660181830685,0.7313396975180643,64
10,4.4116841128471815,0.54953173717666,64
10,0.302769703906822,0.4286932363677597,64
10,2.9319452409143274,0.356688336812531,64
10,3.0956938398868927,0.15767431020207023,64
10,4.19888410553458,0.8255277350266006,64
10,1.2203172117629764,0.9915643491906208,64
10,4.532191606303138,0.3725582280448614,64
10,2.4240878379988215,0.20414030109654235,64
10,0.6880536332088649,0.7564635468581291,64
10,1.060179354789588,0.9343346878304747,64
10,3.366546773579088,0.5688785314377482,64
10,1.6689999199294705,0.7349055698563016,64
10,0.3557655741979787,0.8997762355080251,64
10,1.220616528271908,0.02595345468582766,64
10,4.477413140966241,0.7762325148140138,64
10,2.712530330989574,0.9421577978627551,64
10,3.306215824624921,0.7924805000702536,64
10,4.89843006052504,0.9963368460921961,64
10,3.997964350210511,0.3914801233768723,64
10,1.5725128030666122,0.19292080174787762,64
10,3.9394082202409257,0.34828357707934465,64
10,2.190197464239876,0.055897574223894186,64
10,3.6105325404456705,0.9455824878679309,64
10,3.8549331662022968,0.605075779184305,64
10,1.1140798019388398,0.9260737299918984,64
10,2.4271744769541703,0.48079590723451393,64
10,0.4715282715525654,0.709728269262531,64
10,1.7724633692023122,0.637591261053681,64
10,3.3021763542448452,0.5281117268198816,64
10,4.031178466734322,0.5435252100400534,64
10,2.497378114410773,0.9767885442292442,64
10,4.4928489470943775,0.29016428950045525,64
10,1.9860806215508815,0.13863215349825964,64
10,1.92850259088754,0.5873793138865294,64
10,1.8356445166283468,0.5017449597760626,64
10,0.6676049875994606,0.9407409866147367,64
10,0.8516142261525304,0.7941137164661441,64
10,1.3917216700790171,0.2722007335361578,64
10,1.981837038970901,0.5535769243346449,64
10,2.5417450062787483,0.002211479033413899,64
10,1.3297737766208038,0.04764403862336475,64
10,2.99720770040114,0.5576885710907564,64
10,0.4602736839218403,0.5747266467237925,64
10,1.296270162869765,0.007062101807318366,64
10,2.9964717462187993,0.04103846981050463,64
10,0.5788174365937461,0.9742403815790635,64
10,0.5439742852805576,0.24573788551599196,64
10,1.5400773469856395,0.46556410503296886,64
10,1.7782714882254609,0.8331264155657783,64
10,3.6601019240392016,0.8476500052620073,64
10,3.3869410282361634,0.19052772825032416,64
10,2.4058794033976643,0.700462093466372,64
10,1.2102771591797075,0.7042877397379659,64
10,2.3388564146761164,0.6710089321993332,64
10,1.1927741832891015,0.44927864915044324,64
10,3.6659717566524246,0.6755993091527617,64
10,1.5679647380673198,0.37153652143787963,64
10,3.084072633478999,0.13786843172455698,64
10,0.46728545722523873,0.30168441136343715,64
10,4.497363124817669,0.3940557178008943,64
10,0.701208423351226,0.983258974731988,64
10,3.2665465366301496,0.6467988259996611,64
10,0.7675771832084931,0.9006178797032772,64
10,1.2941736550820275,0.4674222139049278,64
10,2.8562427203040865,0.8368489344820025,64
10,4.335102374227756,0.5869071654467894,64
10,3.054034433003456,0.5615993530045076,64
10,4.644004381819882,0.3689960319128479,64
10,4.37635307914792,0.4653237341138785,64
10,4.349338503451096,0.08287414198635079,64
10,4.150745367265627,0.7286778509595606,64
10,3.827440586429953,0.33957418422792096,64
10,4.153801118185429,0.921211988488084,64
10,1.017591694222963,0.4796492753915179,64
10,3.505299156684299,0.5034201788210126,64
10,1.2286213264771393,0.11211767967646213,64
10,4.723928485362661,0.055315928928420854,64
10,4.781327110973305,0.4553519281041264,64
10,0.616051441877885,0.03837099750005846,64
10,3.4433963413281132,0.4156840478412951,64
10,4.770496268360887,0.3794655398157306,64
10,0.8582843471696613,0.8513732361679822,64
10,1.9747418662542189,0.9287725756766346,64
10,3.3403572819150606,0.746737905525775,64
10,2.974960517868575,0.3580205324498005,64
10,1.5006191079260922,0.5037522380158909,64
10,3.6351302145174142,0.19812390738499464,64
10,1.653191050511292,0.16946895242505045,64
10,0.9495695570088345,0.8796460887773161,64
10,1.270760720674592,0.7481694040875965,64
10,4.05377794304659,0.19584529318238708,64
10,0.7000597693792656,0.7287249865240951,64
10,1.050946139505688,0.829813335271654,64
10,1.0643051845807887,0.6271799783325395,64
10,2.6059082444637816,0.14297997799862971,64
10,2.5278062609870915,0.6032341840757194,64
10,4.1799133026192195,0.08395945022960738,64
10,1.969746301470733,0.08938830292318567,64
10,1.5331477670432054,0.8204847712928092,64
10,0.7362071483986564,0.7877721850841599,64
10,1.0205476036347552,0.6778502574848041,64
10,3.108474301892497,0.200599293657023,64
10,4.682587559008896,0.8783767896509946,64
10,1.5428343230774058,0.6987827193756343,64
10,0.5583619643049615,0.8884152705553214,64
10,1.361211979743755,0.4679919332607376,64
10,0.6050072767918678,0.3752320043142079,64
10,4.951066222568231,0.915940563520449,64
10,4.910597678944889,0.07682877321563553,64
10,1.275828029712659,0.639390776650366,64
10,4.7641446495846,0.35775914480736926,64
10,1.070168609544606,0.24965419572791658,64
10,2.946387092271638,0.49623685088303926,64
10,3.794651423888,0.7166879869319568,64
10,2.450162765477475,0.7169764681050204,64
10,4.960495208345085,0.33976672834266863,64
10,4.14162092989505,0.3405212155389009,64
10,2.160055658642569,0.3925942453943131,64
10,1.2495306339657564,0.9553246347601799,64
10,2.455994522045935,0.48517379325128296,64
10,2.5947789712269222,0.983451295655413,64
10,0.9562784259739481,0.23271441173889718,64
10,1.3238743317108432,0.9562550993608752,64
10,2.9551423160163197,0.06782738977910785,64
10,0.7111066938737396,0.8820778631201281,64
10,1.0135736815525531,0.7144192422626119,64
10,3.2963261322938147,0.6867288484692663,64
10,3.0632531648341623,0.8431084044681542,64
10,2.908786583169002,0.15703293565714538,64
10,1.1279670598707063,0.6445366377092071,64
10,4.6162713125109915,0.6765035759673019,64
10,0.7380004031068119,0.6709666713589975,64
10,3.756271093250981,0.630214407676306,64
10,1.8531982017826656,0.6703114437156212,64
10,2.400832714392188,0.39890319080923253,64
10,4.646590996243627,0.05591160943687634,64
10,1.774584417592144,0.7478268874185409,64
10,2.5534813112430212,0.15188616776144326,64
10,0.45204046256851166,0.38327047020081917,64
10,1.1673912382760498,0.06951997603409554,64
10,4.85715794975936,0.3301747440836237,64
10,4.103698137001301,0.5453417721574497,64
10,2.9986872646035043,0.5742695758459898,64
10,0.5186321065543569,0.7316410865835873,64
10,1.8563080733831645,0.6559250822887193,64
10,3.065147238340759,0.24492259790921023,64
10,1.931261254030606,0.00805564914820811,64
10,3.4503291270910657,0.8986333926647972,64
10,3.284759655145483,0.2678907427353089,64
10,4.975747846527761,0.8451421334835565,64
10,4.355709765261418,0.6751024288362929,64
10,3.715520969274802,0.17110292957526707,64
10,1.7928466835185526,0.30324206518535923,64
10,4.020303467233165,0.30178282232943343,64
10,1.7053342274660097,0.5491409898796052,64
10,1.482746600956168,0.5169012087168229,64
10,2.8390582994487774,0.38428681545208865,64
10,1.6289059647410307,0.46532372055621896,64
10,2.6356768510277497,0.047401368882122985,64
10,1.5557800363556156,0.7090097944703543,64
10,2.2027095565803383,0.047307078399200675,64
10,2.790679744037899,0.6640909381497797,64
10,4.8247463284784455,0.8989142404780399,64
10,1.4164070680680936,0.00688133767807475,64
10,2.5593317808470553,0.5316617313251311,64
10,3.550384534503277,0.4581801272114956,64
10,0.40602935540675245,0.35339828565544396,64
10,0.6459300633225328,0.2500457840610114,64
10,4.723115252546705,0.6046442647352467,64
10,2.6788039911458497,0.6885894557682362,64
10,2.5486681409844123,0.1968145900782663,64
10,3.8075272904402047,0.5380246908719618,64
10,4.922197542338496,0.5776769476428287,64
10,1.8468447338244638,0.2029719024964356,64
10,3.4849845365198933,0.04676867032835197,64
10,3.9932252523290974,0.0831405578560972,64
10,4.110237523148324,0.6749069896908954,64
10,1.2553829173136406,0.4879073561712214,64
10,2.143029181229949,0.4740401037783919,64
10,1.3652255695423072,0.5461878287253215,64
10,3.7244368590215515,0.8872466044590215,64
10,2.0864460061698704,0.8724739250531015,64
10,3.6692016185218472,0.7359791245208858,64
10,4.673821327489248,0.2502706926910063,64
10,4.089933100372727,0.354236047770628,64
10,2.0690139842293496,0.40251282806900435,64
10,2.8047453266153304,0.05312957671156926,64
10,3.435798207535625,0.6006505278680737,64
10,0.9172030661404451,0.010675621458928641,64
10,4.959834951445869,0.8086440337092232,64
10,4.944230698124562,0.2746458055723908,64
10,4.352237729782526,0.7582901603049046,64
10,4.5112693683589455,0.30876142089579006,64
10,1.408928689762649,0.6084504184002577,64
10,2.6232674755564607,0.9956908171944429,64
10,2.7387593780766566,0.03548148177307575,64
10,1.1623012277645675,0.3789198366955473,64
10,1.422086171037715,0.552454151984677,64
10,4.52779642703243,0.8497225283728769,64
10,2.9545749313080463,0.49074695318486516,64
10,3.1978030481638093,0.7952896304881981,64
10,0.6572445299597491,0.021381588714851407,64
10,4.104395857131512,0.639797543415521,64
10,3.7067989346738615,0.28371099995795823,64
10,2.261370336081901,0.5488019663334793,64
10,3.0327038059967824,0.13649382079101025,64
10,0.9501179292954698,0.7430670656120657,64
10,3.2559259588434686,0.14593234565126723,64
10,4.18459350082575,0.1906934115346024,64
10,1.5864733220557552,0.1721751801933612,64
10,4.5275455240501,0.604875859036487,64
10,0.6543390248234986,0.9731667211106342,64
10,2.8658048474417623,0.020295702422342465,64
10,3.5708527703298985,0.22488032137174252,64
10,0.32960208427627435,0.8229186080928924,64
10,1.7416689304125752,0.5107192514154008,64
10,3.5797632651716644,0.8532127668280495,64
10,0.7198269103609283,0.5010951451247485,64
10,1.8898744919248045,0.2827808239489431,64
10,2.6195996771555947,0.3404585665268707,64
10,4.92474336199571,0.4794973228136229,64
10,1.7546406722855377,0.8017808058907305,64
10,4.345162351519192,0.2793809211629933,64
10,4.075372657707605,0.1600439174019812,64
10,1.1440920399313732,0.8800122864672937,64
10,0.5131778088860299,0.8851171139039891,64
10,1.9186673995717918,0.6491221586489604,64
10,0.4239984953199512,0.6945352391658888,64
10,3.404693535831459,0.22341386452115564,64
10,3.370742460592836,0.5377427312631682,64
10,3.649418340286621,0.4816277469396971,64
10,3.7413762710077476,0.5035368612574761,64
10,0.7098042607793895,0.9357592598629957,64
10,3.9045939363990247,0.50899857000408,64
10,1.054498647278522,0.25416753792606217,64
10,1.525272222050388,0.0677129946426166,64
10,0.7926054686739943,0.7345039234260662,64
10,1.2763372210036172,0.3570216511080748,64
10,0.9264758485061217,0.8388446074396066,64
10,2.0634356485114944,0.3715847684581888,64
10,0.7402202119930685,0.7620711490403138,64
10,0.8733435453034846,0.4398233154843577,64
10,0.9568331267387189,0.6207375757892453,64
10,0.776446416094156,0.9840253110664249,64
10,3.7569617002829334,0.8218570564988387,64
10,2.2276784387795225,0.11078479651765027,64
10,1.3167466288751322,0.9685209213096772,64
10,0.702591794835266,0.0004910524268975092,64
10,2.379466488380544,0.32337404994130714,64
10,2.1796823463368904,0.2512751053571688,64
10,1.2965039474457905,0.7643114719618556,64
10,1.6318947461700675,0.6903539225399382,64
10,2.4589023301756,0.08330362397594016,64
10,4.591013768179991,0.4588862639438819,64
10,4.035320438676372,0.4832639070118986,64
10,1.8878200693615386,0.08235206349483193,64
10,2.2459381766968436,0.1590777930259032,64
10,1.810041051710019,0.3852700561549438,64
10,0.646814496075472,0.8278219180441303,64
10,4.795699522313471,0.3160466835645249,64
10,3.025711818913231,0.05895606245393359,64
10,0.5052613268921308,0.6194283214936074,64
10,1.720939089679213,0.0933196321158769,64
10,1.7171447115143679,0.2271486904900396,64
10,3.6745632040442056,0.6929051764830447,64
10,1.0985347563868817,0.7050841526083328,64
10,3.5394386707872365,0.8364039425806412,64
10,3.813993156124913,0.6948919066757943,64
10,3.696743191191964,0.25594367682689256,64
10,4.737354355801136,0.3255998807722674,64
10,1.1871308813857036,0.06191504834919892,64
10,1.5735927037261705,0.04796674054820016,64
10,2.3427264964730066,0.42343376382418085,64
10,0.9011839924286591,0.06420491950376961,64
10,1.772114929780033,0.6801669673470588,64
10,1.9850305076559898,0.22875840916263324,64
10,3.579891994764903,0.8579580306017935,64
10,4.969097801554298,0.6929160215785863,64
10,3.9048703081644685,0.7521092634906688,64
10,1.7310480048871462,0.6952315001928244,64
10,2.5168205486134,0.5550482543696067,64
10,0.7394620308821329,0.42815031480170795,64
10,3.4458805261587147,0.009896789792747662,64
10,3.0159732268641695,0.14353623332887233,64
10,3.8860513567503894,0.10418281197265744,64
10,4.702677388973729,0.7587544477998365,64
10,3.9637574439298677,0.2614641026790231,64
10,1.926717764149808,0.2964609297662404,64
10,4.4978226364978555,0.9493225935414401,64
10,0.8853920262834085,0.5812063506430921,64
10,4.268504906366319,0.6830274468734563,64
10,3.510087340745709,0.3680799083137686,64
10,4.757569201436639,0.33908844830969087,64
10,0.46130834774648416,0.1733284943395481,64
10,1.5123840544053861,0.44344930871819555,64
10,4.075060934866024,0.8524941253584521,64
10,3.881797438589432,0.5646360380470439,64
10,2.2646235658906417,0.8457127826662543,64
10,0.6022673038090256,0.6695836197337754,64
10,0.39316022844185616,0.741077438040505,64
10,3.2140656412888364,0.09513303247123028,64
10,3.3771134741983913,0.21899484859860252,64
10,3.2874588560889597,0.020062537157523264,64
10,3.5835709253807337,0.41785875235546055,64
10,4.799325319174779,0.6985019931843627,64
10,1.6642975316599617,0.9206959179371637,64
10,4.795447150170443,0.4516854398949498,64
10,1.6878828631455929,0.7853155324106971,64
10,4.102217233973169,0.11207393195814086,64
10,4.644648231400529,0.549460822007521,64
10,2.6603678033831537,0.18438018459968475,64
10,4.18574821876353,0.6251235838173691,64
10,4.004826333021743,0.2828594268030755,64
10,1.3987754430992299,0.8466067948364812,64
10,4.553288271549938,0.9298296302039678,64
10,3.304924576247334,0.14663577934865457,64
10,2.279414257271616,0.36373706119624805,64
10,4.072075419437607,0.9613883667648739,64
10,0.3836264041849226,0.5516466299858535,64
10,4.435493791714,0.40051734824561236,64
10,2.8578226691713224,0.7917230715673235,64
10,2.6877481215038515,0.49305180009093885,64
10,0.8490287838693655,0.08386642200020067,64
10,4.168661187385519,0.5979538599475714,64
10,4.9685016926400865,0.2508648345948099,64
10,3.396143448025338,0.6271309720573752,64
10,0.7354797475053179,0.6450971414051359,64
10,4.086906178158785,0.8461707489473508,64
10,1.5467110624709035,0.7323859686265795,64
10,1.8433274299373512,0.07047174037434256,64
10,0.9458820869346929,0.28818966983386296,64
10,3.872840344249936,0.6197211215122015,64
10,2.4083608474201377,0.11975810444335755,64
10,4.457213063556607,0.8140680122947895,64
10,4.413635125862366,0.20329324922523329,64
10,4.194255681928266,0.03929794847729284,64
10,0.9493632977189097,0.7386978079427875,64
10,4.603464213654688,0.3995030924435733,64
10,2.0827018968914417,0.5256043706141971,64
10,3.803956602843705,0.3612568099436453,64
10,1.868572352186622,0.7265179751121017,64
10,4.8803851818128745,0.666083684099242,64
10,4.991534524589998,0.6967729326526257,64
10,0.5295212136979911,0.20903445680420862,64
10,1.8193603869057227,0.18774389265855396,64
10,1.1620805151218874,0.3090837592011577,64
10,3.283394450344426,0.1291821413822961,64
10,0.6625167653787181,0.053575519384999604,64
10,0.8261135108981714,0.472939862155218,64
10,1.611888881405648,0.3281761868102909,64
10,2.6345839968712883,0.27575809398281326,64
10,1.0202414108803879,0.15384718280785858,64
10,1.0296938128800721,0.5506572857109368,64
10,2.3654200044378224,0.05384423167479724,64
10,1.4833138787441422,0.21855385105683067,64
10,4.5337807970754795,0.5078732316183655,64
10,2.3525286202898568,0.7844919496485555,64
10,4.254612222836385,0.045610364302397954,64
10,4.1036969127130085,0.5817795373181874,64
10,3.3215592575636355,0.5126999918565582,64
10,4.654204318850909,0.5616567953383046,64
10,4.187751663342134,0.8206546092723004,64
10,1.1585682407236122,0.0232237537794997,64
10,3.6575516996399076,0.8541230987878559,64
10,3.511274312005058,0.5757119312473017,64
10,2.396044799369607,0.442897007716595,64
10,2.779158537074687,0.3735912957658374,64
10,1.1327372619253633,0.5158639869461039,64
10,4.233807773087308,0.511009561648897,64
10,0.43372248067190466,0.6052513767330593,64
10,4.398457632858603,0.15137534737703384,64
10,4.3307489078931045,0.7717209420296401,64
10,4.371338589037901,0.7692732776563496,64
10,1.1424742220346826,0.6542618216666101,64
10,0.8426848812188943,0.22057007129744166,64
10,1.8734212773077679,0.06833877688745227,64
10,0.815526767951924,0.15246310926764783,64
10,4.810988092700853,0.007867468999234517,64
10,0.8666055214470385,0.5004241430276314,64
10,1.3778214938020668,0.5002636081832602,64
10,0.8276982935426438,0.2758431985321369,64
10,4.846395965647278,0.6847626985529593,64
10,4.3784239755376175,0.8866262545642511,64
10,1.2925767403183315,0.969254112731488,64
10,4.965789619959284,0.11950598249049627,64
10,3.459310829301936,0.24638195640423788,64
10,3.9047723532783523,0.644580908034006,64
10,2.29841349028998,0.7132857845790392,64
10,2.616850349832028,0.17569940148838803,64
10,1.038806982891557,0.652502989350249,64
10,1.9831061048889678,0.7883022340974524,64
10,4.522476603950319,0.2594933929730514,64
10,4.373652514152671,0.8927313676584268,64
10,0.7985822525572137,0.4091398412125933,64
10,0.96043993563832,0.4273686861262753,64
10,3.053168054328159,0.019651912716596942,64
10,4.794601870959057,0.32922730972655145,64
10,3.4263298881159465,0.9049690669312106,64
10,2.332313842948856,0.874215411634011,64
10,1.537609279841978,0.23535366274543645,64
10,0.7455602132917329,0.5893337897630236,64
10,3.525970084837272,0.3243112339221438,64
10,0.48883209127444005,0.30733494726267807,64
10,4.5133527435874505,0.9730668907397858,64
10,4.147260799142565,0.14342669841614974,64
10,3.0401294299517403,0.1415580876223661,64
10,1.9556974530406621,0.9320775492859682,64
10,4.973861356481224,0.4740930637507863,64
10,1.1184046245716703,0.664359533632339,64
10,1.059365531330634,0.002211648041054004,64
10,2.215974169182262,0.07448938507463476,64
10,1.4455660276183182,0.6983360652588819,64
10,2.3564335086117523,0.11234990948348589,64
10,4.811405068550304,0.05834331920179725,64
10,1.1795963211166873,0.16464044882559514,64
10,4.647652999486522,0.06472817690340016,64
10,1.0812442726656515,0.7623455252342102,64
10,4.152860656869278,0.28624810070205386,64
10,2.3910983769566454,0.03607475136197691,64
10,2.672476031941894,0.6066924030556178,64
10,0.9404079484734276,0.7335269285168191,64
10,3.0751700954746184,0.6135010659798789,64
10,4.616212421887533,0.39572790418223835,64
10,2.532746269451846,0.2558037120359221,64
10,4.991604268196103,0.6823439247470424,64
10,4.392446671471578,0.8676159559474237,64
10,3.581752464506074,0.10992012541441532,64
10,0.3414486960596009,0.218287934396445,64
10,2.5522468886676286,0.44754202877087523,64
10,4.286626054134527,0.745132053938578,64
10,0.785252804507361,0.6399241852098386,64
10,0.8455761341421404,0.8010177432370266,64
10,2.4479966165289078,0.8964053704378864,64
10,0.6210416728325779,0.10792219683333826,64
10,0.31239969672217477,0.7536576085323163,64
10,1.5898512571907308,0.1420711737415501,64
10,0.6422960836384883,0.5084084925603429,64
10,4.168971480396623,0.6718565658396272,64
10,4.780673763179299,0.07323822078624953,64
10,3.7436248661818565,0.0779241231287865,64
10,3.7636114653430663,0.7845296635844319,64
10,0.9232707245830765,0.16023991427521533,64
10,3.9748619333015207,0.026110818392925172,64
10,0.32726927776854997,0.9874957271727628,64
10,4.224736590585073,0.5022315907560161,64
10,0.7680066560633685,0.828809088226061,64
10,0.9036736243441665,0.5813213040253659,64
10,0.6267321640561698,0.08704210191642459,64
10,4.778884594549034,0.8986565538705901,64
10,2.894911722651575,0.8742289051074906,64
10,1.5564975534456011,0.25053469363716463,64
10,2.523440584139622,0.15589407948572587,64
10,1.3876601723954562,0.8618103381778582,64
10,4.962407330554798,0.46441116063876076,64
10,1.4371834363081388,0.6357873274132383,64
10,3.108222117780598,0.09786214887664113,64
10,1.3325351680041888,0.07701673491129646,64
10,2.058361183224775,0.954808385196327,64
10,1.43136100796485,0.14354094040318321,64
10,1.3130029088327058,0.28931734617044136,64
10,4.989001516762946,0.22748158883582215,64
10,2.2527936826380426,0.7412439370251331,64
10,1.5177178895185783,0.9324328033272166,64
10,1.3495200147259807,0.2452784476400074,64
10,3.5762663180844125,0.6168254831367079,64
10,1.4822017107787289,0.5959418025578712,64
10,2.4027674052738917,0.09161518612085817,64
10,4.233149572271953,0.48440043942949695,64
10,4.5846187665477975,0.6477138845957042,64
10,0.5326009149656317,0.8247603637851783,64
10,4.100207841706093,0.2478493293692915,64
10,1.810356735870876,0.8224578265749366,64
10,3.5430202862531406,0.4687011699996887,64
10,1.5588006828002128,0.5645426765323451,64
10,4.637222412479184,0.6871309470369656,64
10,0.835391837226179,0.24652634816581498,64
10,1.2982417609372732,0.3811642220541144,64
10,0.5428837782691024,0.2941519425115624,64
10,1.8799997610305281,0.7454476224364774,64
10,3.8574594545862966,0.1807915597993376,64
10,3.604162554285185,0.7317061068590468,64
10,0.7962284863712907,0.4632371564151372,64
10,1.3455858927251532,0.38116248443443235,64
10,1.4980788857142027,0.23974684351362818,64
10,0.6121214625427043,0.0848512123586539,64
10,3.7205793818491317,0.7529597716028638,64
10,4.144626731222376,0.5843436054610175,64
10,3.143412753545823,0.8753080115167783,64
10,2.9802265100752336,0.11648765218715729,64
10,2.2389890517003748,0.01693403167792873,64
10,4.241888643074351,0.22782647432176018,64
10,4.060447076905394,0.7571058781534481,64
10,1.437334761228803,0.23303708989659588,64
10,2.9482349147612537,0.6201893464899334,64
10,3.7626493080495407,0.8580322572711733,64
10,3.8748173796833476,0.2083953075177135,64
10,2.6538817937077694,0.19262522455173492,64
10,3.0248664638258504,0.12211137558186758,64
10,3.6258234553427,0.6109460516488975,64
10,2.583086122383113,0.9499065755410903,64
10,0.3116065290679652,0.19512521428916962,64
10,1.4482921273845653,0.11623434823428302,64
10,2.4807636990734467,0.8751962331070068,64
10,2.0791994807273,0.5437182891512469,64
10,1.5983824320389013,0.805940335683719,64
10,0.5837453613788979,0.8813973340521852,64
10,4.24887365927422,0.6645772678368128,64
10,1.6991779294778457,0.23033342398818635,64
10,0.42935630511910394,0.31707086100316084,64
10,0.33688287417749996,0.3039548730945766,64
10,2.229093512121508,0.7703962212358855,64
10,4.084787985805912,0.3282076699882963,64
10,2.4544925934399995,0.4212238324336005,64
10,2.6682910182006183,0.5567321966120821,64
10,1.0138647005410297,0.18841379364169364,64
10,4.855075326087393,0.37234515785663946,64
10,1.41341826685309,0.25235209736580577,64
10,2.7111124978677306,0.26003911723204487,64
10,2.245765446397004,0.6873525746567549,64
10,2.5304184660376463,0.29257207800918683,64
10,3.0186164582900044,0.3781615064780435,64
10,3.546557822643286,0.34319918933309346,64
10,2.8212877837167776,0.0015684987955293384,64
10,4.3798033163875605,0.3350871516973468,64
10,4.107867661014808,0.6580069974719702,64
10,0.41375797536266795,0.952676647112305,64
10,1.6849369406406818,0.11588970573052526,64
10,2.644158075670055,0.7260331876513072,64
10,4.676828453072974,0.20300143832131323,64
10,3.3521471580480733,0.12271024080916626,64
10,0.5018922287940664,0.34840794483706283,64
10,1.7077084002952347,0.3158046840690276,64
10,2.6089184758052295,0.9854801105480675,64
10,1.4326311906181406,0.046722011842056044,64
10,1.8420951609880496,0.2903251681775776,64
10,2.895236633221394,0.8964752596495069,64
10,1.6664987810194225,0.175589050701478,64
10,2.8830182104337507,0.34220972715342524,64
10,4.283713655221943,0.8830712718136059,64
10,1.233351693546799,0.31527479658423196,64
10,4.249609507795531,0.01685781043213097,64
10,2.4879221658145867,0.336484802324332,64
10,1.863822337809442,0.31178353615163756,64
10,1.9644019597758895,0.3058870884331871,64
10,4.621006812657871,0.4851511037006204,64
10,3.449479149669143,0.04189648105089494,64
10,2.431227924670329,0.0247145321668496,64
10,3.2920839451568886,0.6988785406772443,64
10,4.834404040273322,0.0028502192731520992,64
10,3.3850934139703983,0.6007704023162801,64
10,4.868669423884814,0.17625344680708743,64
10,2.715262011026483,0.22310881724275622,64
10,3.3849021983135272,0.39459699225552414,64
10,4.025894084487056,0.13733060661171081,64
10,1.962844535156315,0.6808922349047964,64
10,4.590380280010284,0.680446495599494,64
10,0.8313019519934808,0.7474950762183736,64
10,2.082034367112891,0.9146131733614353,64
10,4.937106988533565,0.13489388976920103,64
10,0.5988570961561063,0.14842930732160997,64
10,4.334672228123322,0.7843119448724026,64
10,3.4251455428544832,0.9881761815401573,64
10,3.6033347148263597,0.5390418392898052,64
10,1.7217047601540945,0.1358175412431296,64
10,0.5264666034935996,0.05620674619054633,64
10,4.777243800051382,0.8744222282194304,64
10,3.018640885284688,0.05220685953199722,64
10,1.4669838296469857,0.641504750231808,64
10,0.3775091565486891,0.8635590482422367,64
10,2.252579733590554,0.11471313988202869,64
10,2.2021759993808563,0.1028410352159741,64
10,4.053847403167113,0.7563642464217941,64
10,0.989959812202736,0.8370325617565233,64
10,3.223345388411192,0.749095280895434,64
10,2.8882202079771915,0.8454595276593735,64
10,1.1253724729330394,0.03509499850359854,64
10,2.8779489640281595,0.27361240011010723,64
10,1.5920853975853846,0.18532196183773353,64
10,0.96707280163673,0.08619776803073165,64
10,3.5436141852949965,0.19382279379033662,64
10,3.7730629769566377,0.7269343848732517,64
10,2.7873151443902175,0.9733421917295652,64
10,4.781961205189367,0.26840505509656587,64
10,1.5218100150124967,0.01646985842638693,64
10,4.426176612629351,0.8202549298694329,64
10,1.8172701603946295,0.8257059384847556,64
10,1.997328836752757,0.014011373692650264,64
10,1.0133674372424075,0.9465702696467992,64
10,3.032541746592519,0.8479048680231077,64
10,4.580679023556084,0.27244502193497466,64
10,4.365117758289064,0.45708331002176783,64
10,3.954096845656454,0.7016372332446185,64
10,0.5267840259322261,0.526458137564232,64
10,2.831023178055,0.25064336791495867,64
10,4.305923431153222,0.16319078805645715,64
10,1.6277763813874817,0.20326144631873666,64
10,3.6453162686299816,0.9180295277927418,64
10,0.3681937685110441,0.4241420166532548,64
10,3.407931538874407,0.011718484703836185,64
10,1.542194095448396,0.42788743483369374,64
10,3.033390029324364,0.14919803224251937,64
10,0.7598621830568559,0.23796307926344562,64
10,0.6048511809658936,0.14678714248257108,64
10,1.6452255372589106,0.9299351756093545,64
10,3.337050043751534,0.06404079304551924,64
